{
  "pixel_size_mm": 0.1162,
  "opencv_rms": 0.0,
  "tps_rms_before": 1.338537721187117,
  "tps_rms_after": 21.95874219771177,
  "measurements": []
}